<?xml version="1.0" encoding="UTF-8"?>
<project-private xmlns="http://www.netbeans.org/ns/project-private/1">
    <editor-bookmarks xmlns="http://www.netbeans.org/ns/editor-bookmarks/2" lastBookmarkId="0"/>
    <open-files xmlns="http://www.netbeans.org/ns/projectui-open-files/2">
        <group>
            <file>file:/home/wellikson/NetBeansProjects/Agenda/src/java/agenda/Controle/Apagar.java</file>
            <file>file:/home/wellikson/NetBeansProjects/Agenda/web/codigo.js</file>
            <file>file:/home/wellikson/NetBeansProjects/Agenda/web/index.html</file>
        </group>
    </open-files>
</project-private>
