<?xml version="1.0" encoding="UTF-8"?>
<project-private xmlns="http://www.netbeans.org/ns/project-private/1">
    <editor-bookmarks xmlns="http://www.netbeans.org/ns/editor-bookmarks/2" lastBookmarkId="0"/>
    <open-files xmlns="http://www.netbeans.org/ns/projectui-open-files/2">
        <group>
            <file>file:/home/wellikson/NetBeansProjects/PessoaDao-AJax-Xml/src/java/Controle/XML/ApagarXml.java</file>
            <file>file:/home/wellikson/NetBeansProjects/PessoaDao-AJax-Xml/src/java/DAO/PessoaDaoClasseXml.java</file>
            <file>file:/home/wellikson/NetBeansProjects/PessoaDao-AJax-Xml/src/java/Controle/XML/EditarXml.java</file>
            <file>file:/home/wellikson/NetBeansProjects/PessoaDao-AJax-Xml/src/java/Controle/BANCO/Inserir.java</file>
            <file>file:/home/wellikson/NetBeansProjects/PessoaDao-AJax-Xml/web/WEB-INF/pessoas.xml</file>
        </group>
    </open-files>
</project-private>
